{"loss": [1.4218403100967407, 0.5433947443962097, 0.35472041368484497, 0.26603445410728455, 0.20229463279247284, 0.16748599708080292, 0.13859573006629944, 0.1116330549120903, 0.09639366716146469, 0.09082329273223877], "accuracy": [0.5944017767906189, 0.8381460905075073, 0.8916547298431396, 0.9187085032463074, 0.9378466606140137, 0.948144793510437, 0.9568285346031189, 0.9649264216423035, 0.9690925478935242, 0.971514105796814], "val_loss": [0.5395331382751465, 0.2821424901485443, 0.26691871881484985, 0.26134923100471497, 0.134446918964386, 0.1618436872959137, 0.149484783411026, 0.13567134737968445, 0.1454799473285675, 0.12189187854528427], "val_accuracy": [0.8327555656433105, 0.9131101965904236, 0.9189066290855408, 0.9177700877189636, 0.9563561677932739, 0.9493095278739929, 0.9541967511177063, 0.9605046510696411, 0.9593680500984192, 0.9637438058853149]}